"payroll_brunch_name","year","payroll_avg"
Administrativní a podpůrné činnosti,2006,13929.00
Administrativní a podpůrné činnosti,2007,14676.25
Administrativní a podpůrné činnosti,2008,14989.13
Administrativní a podpůrné činnosti,2009,15480.88
Administrativní a podpůrné činnosti,2010,15582.38
Administrativní a podpůrné činnosti,2011,16028.00
Administrativní a podpůrné činnosti,2012,16487.75
Administrativní a podpůrné činnosti,2013,16427.63
Administrativní a podpůrné činnosti,2014,16695.88
Administrativní a podpůrné činnosti,2015,17064.88
Administrativní a podpůrné činnosti,2016,18057.75
Administrativní a podpůrné činnosti,2017,19214.63
Administrativní a podpůrné činnosti,2018,20559.50
Činnosti v oblasti nemovitostí,2006,18396.38
Činnosti v oblasti nemovitostí,2007,19851.25
Činnosti v oblasti nemovitostí,2008,20223.25
Činnosti v oblasti nemovitostí,2009,20312.63
Činnosti v oblasti nemovitostí,2010,20802.88
Činnosti v oblasti nemovitostí,2011,21710.25
Činnosti v oblasti nemovitostí,2012,21995.50
Činnosti v oblasti nemovitostí,2013,21622.75
Činnosti v oblasti nemovitostí,2014,22287.38
Činnosti v oblasti nemovitostí,2015,23064.88
Činnosti v oblasti nemovitostí,2016,24078.13
Činnosti v oblasti nemovitostí,2017,25611.75
Činnosti v oblasti nemovitostí,2018,27584.25
Doprava a skladování,2006,19125.25
Doprava a skladování,2007,20523.75
Doprava a skladování,2008,22190.88
Doprava a skladování,2009,22849.13
Doprava a skladování,2010,22901.38
Doprava a skladování,2011,22909.13
Doprava a skladování,2012,23145.75
Doprava a skladování,2013,23270.63
Doprava a skladování,2014,23737.00
Doprava a skladování,2015,24507.25
Doprava a skladování,2016,25660.25
Doprava a skladování,2017,27289.13
Doprava a skladování,2018,29297.63
Informační a komunikační činnosti,2006,35367.50
Informační a komunikační činnosti,2007,37677.00
Informační a komunikační činnosti,2008,41324.38
Informační a komunikační činnosti,2009,42660.13
Informační a komunikační činnosti,2010,43298.50
Informační a komunikační činnosti,2011,44800.25
Informační a komunikační činnosti,2012,46165.25
Informační a komunikační činnosti,2013,45697.50
Informační a komunikační činnosti,2014,47372.50
Informační a komunikační činnosti,2015,48418.38
Informační a komunikační činnosti,2016,49653.75
Informační a komunikační činnosti,2017,52226.63
Informační a komunikační činnosti,2018,56101.25
"Kulturní, zábavní a rekreační činnosti",2006,16152.38
"Kulturní, zábavní a rekreační činnosti",2007,17188.13
"Kulturní, zábavní a rekreační činnosti",2008,18087.63
"Kulturní, zábavní a rekreační činnosti",2009,18887.38
"Kulturní, zábavní a rekreační činnosti",2010,19222.50
"Kulturní, zábavní a rekreační činnosti",2011,19213.63
"Kulturní, zábavní a rekreační činnosti",2012,20179.38
"Kulturní, zábavní a rekreační činnosti",2013,19901.75
"Kulturní, zábavní a rekreační činnosti",2014,20710.38
"Kulturní, zábavní a rekreační činnosti",2015,21448.63
"Kulturní, zábavní a rekreační činnosti",2016,22861.63
"Kulturní, zábavní a rekreační činnosti",2017,24858.88
"Kulturní, zábavní a rekreační činnosti",2018,27580.25
Ostatní činnosti,2006,15719.38
Ostatní činnosti,2007,16765.63
Ostatní činnosti,2008,17240.88
Ostatní činnosti,2009,17555.38
Ostatní činnosti,2010,17576.88
Ostatní činnosti,2011,18412.38
Ostatní činnosti,2012,18609.38
Ostatní činnosti,2013,18879.88
Ostatní činnosti,2014,19163.13
Ostatní činnosti,2015,19700.88
Ostatní činnosti,2016,20304.00
Ostatní činnosti,2017,21210.88
Ostatní činnosti,2018,22473.00
Peněžnictví a pojišťovnictví,2006,39690.13
Peněžnictví a pojišťovnictví,2007,41548.63
Peněžnictví a pojišťovnictví,2008,44822.50
Peněžnictví a pojišťovnictví,2009,45405.75
Peněžnictví a pojišťovnictví,2010,45764.25
Peněžnictví a pojišťovnictví,2011,47120.88
Peněžnictví a pojišťovnictví,2012,50253.50
Peněžnictví a pojišťovnictví,2013,45775.00
Peněžnictví a pojišťovnictví,2014,47629.75
Peněžnictví a pojišťovnictví,2015,47902.63
Peněžnictví a pojišťovnictví,2016,49393.50
Peněžnictví a pojišťovnictví,2017,51291.38
Peněžnictví a pojišťovnictví,2018,54111.38
"Profesní, vědecké a technické činnosti",2006,23875.38
"Profesní, vědecké a technické činnosti",2007,26101.75
"Profesní, vědecké a technické činnosti",2008,29441.13
"Profesní, vědecké a technické činnosti",2009,31037.63
"Profesní, vědecké a technické činnosti",2010,30848.25
"Profesní, vědecké a technické činnosti",2011,31423.75
"Profesní, vědecké a technické činnosti",2012,31979.00
"Profesní, vědecké a technické činnosti",2013,31049.50
"Profesní, vědecké a technické činnosti",2014,31822.88
"Profesní, vědecké a technické činnosti",2015,32955.13
"Profesní, vědecké a technické činnosti",2016,33996.25
"Profesní, vědecké a technické činnosti",2017,35929.75
"Profesní, vědecké a technické činnosti",2018,38073.88
Stavebnictví,2006,17747.00
Stavebnictví,2007,18924.63
Stavebnictví,2008,20814.13
Stavebnictví,2009,21917.13
Stavebnictví,2010,22112.88
Stavebnictví,2011,22635.88
Stavebnictví,2012,22710.75
Stavebnictví,2013,22226.50
Stavebnictví,2014,22776.13
Stavebnictví,2015,23768.25
Stavebnictví,2016,24737.75
Stavebnictví,2017,25835.88
Stavebnictví,2018,27994.13
Těžba a dobývání,2006,24042.13
Těžba a dobývání,2007,25704.50
Těžba a dobývání,2008,29254.25
Těžba a dobývání,2009,28160.50
Těžba a dobývání,2010,30240.88
Těžba a dobývání,2011,31491.13
Těžba a dobývání,2012,32513.63
Těžba a dobývání,2013,31586.13
Těžba a dobývání,2014,31336.00
Těžba a dobývání,2015,31674.00
Těžba a dobývání,2016,31487.13
Těžba a dobývání,2017,33501.38
Těžba a dobývání,2018,35990.88
"Ubytování, stravování a pohostinství",2006,11390.00
"Ubytování, stravování a pohostinství",2007,12056.00
"Ubytování, stravování a pohostinství",2008,12204.50
"Ubytování, stravování a pohostinství",2009,12058.13
"Ubytování, stravování a pohostinství",2010,12924.88
"Ubytování, stravování a pohostinství",2011,12781.25
"Ubytování, stravování a pohostinství",2012,12981.25
"Ubytování, stravování a pohostinství",2013,13425.00
"Ubytování, stravování a pohostinství",2014,13698.75
"Ubytování, stravování a pohostinství",2015,14519.75
"Ubytování, stravování a pohostinství",2016,15369.63
"Ubytování, stravování a pohostinství",2017,17180.88
"Ubytování, stravování a pohostinství",2018,18769.88
Velkoobchod a maloobchod; opravy a údržba motorových vozidel,2006,17864.88
Velkoobchod a maloobchod; opravy a údržba motorových vozidel,2007,19420.88
Velkoobchod a maloobchod; opravy a údržba motorových vozidel,2008,20964.63
Velkoobchod a maloobchod; opravy a údržba motorových vozidel,2009,20970.63
Velkoobchod a maloobchod; opravy a údržba motorových vozidel,2010,21623.13
Velkoobchod a maloobchod; opravy a údržba motorových vozidel,2011,22336.63
Velkoobchod a maloobchod; opravy a údržba motorových vozidel,2012,22882.38
Velkoobchod a maloobchod; opravy a údržba motorových vozidel,2013,22666.75
Velkoobchod a maloobchod; opravy a údržba motorových vozidel,2014,23401.25
Velkoobchod a maloobchod; opravy a údržba motorových vozidel,2015,24407.88
Velkoobchod a maloobchod; opravy a údržba motorových vozidel,2016,25579.63
Velkoobchod a maloobchod; opravy a údržba motorových vozidel,2017,27492.88
Velkoobchod a maloobchod; opravy a údržba motorových vozidel,2018,29404.50
Veřejná správa a obrana; povinné sociální zabezpečení,2006,23068.63
Veřejná správa a obrana; povinné sociální zabezpečení,2007,24813.63
Veřejná správa a obrana; povinné sociální zabezpečení,2008,25980.13
Veřejná správa a obrana; povinné sociální zabezpečení,2009,26794.88
Veřejná správa a obrana; povinné sociální zabezpečení,2010,26707.00
Veřejná správa a obrana; povinné sociální zabezpečení,2011,26109.00
Veřejná správa a obrana; povinné sociální zabezpečení,2012,26495.50
Veřejná správa a obrana; povinné sociální zabezpečení,2013,26519.00
Veřejná správa a obrana; povinné sociální zabezpečení,2014,27338.25
Veřejná správa a obrana; povinné sociální zabezpečení,2015,28634.00
Veřejná správa a obrana; povinné sociální zabezpečení,2016,30243.13
Veřejná správa a obrana; povinné sociální zabezpečení,2017,32701.75
Veřejná správa a obrana; povinné sociální zabezpečení,2018,36013.88
"Výroba a rozvod elektřiny, plynu, tepla a klimatiz. vzduchu",2006,28844.13
"Výroba a rozvod elektřiny, plynu, tepla a klimatiz. vzduchu",2007,30906.38
"Výroba a rozvod elektřiny, plynu, tepla a klimatiz. vzduchu",2008,35099.00
"Výroba a rozvod elektřiny, plynu, tepla a klimatiz. vzduchu",2009,38828.25
"Výroba a rozvod elektřiny, plynu, tepla a klimatiz. vzduchu",2010,39567.88
"Výroba a rozvod elektřiny, plynu, tepla a klimatiz. vzduchu",2011,40023.13
"Výroba a rozvod elektřiny, plynu, tepla a klimatiz. vzduchu",2012,42382.25
"Výroba a rozvod elektřiny, plynu, tepla a klimatiz. vzduchu",2013,40530.75
"Výroba a rozvod elektřiny, plynu, tepla a klimatiz. vzduchu",2014,41022.50
"Výroba a rozvod elektřiny, plynu, tepla a klimatiz. vzduchu",2015,40483.50
"Výroba a rozvod elektřiny, plynu, tepla a klimatiz. vzduchu",2016,41193.75
"Výroba a rozvod elektřiny, plynu, tepla a klimatiz. vzduchu",2017,43404.38
"Výroba a rozvod elektřiny, plynu, tepla a klimatiz. vzduchu",2018,46178.50
Vzdělávání,2006,19113.50
Vzdělávání,2007,20284.38
Vzdělávání,2008,21105.38
Vzdělávání,2009,22388.38
Vzdělávání,2010,21975.50
Vzdělávání,2011,22636.88
Vzdělávání,2012,23156.13
Vzdělávání,2013,23551.25
Vzdělávání,2014,23973.50
Vzdělávání,2015,24411.25
Vzdělávání,2016,25313.25
Vzdělávání,2017,26850.88
Vzdělávání,2018,29745.00
Zásobování vodou; činnosti související s odpady a sanacemi,2006,18490.13
Zásobování vodou; činnosti související s odpady a sanacemi,2007,19517.63
Zásobování vodou; činnosti související s odpady a sanacemi,2008,21223.13
Zásobování vodou; činnosti související s odpady a sanacemi,2009,21846.00
Zásobování vodou; činnosti související s odpady a sanacemi,2010,22820.25
Zásobování vodou; činnosti související s odpady a sanacemi,2011,22954.75
Zásobování vodou; činnosti související s odpady a sanacemi,2012,23489.63
Zásobování vodou; činnosti související s odpady a sanacemi,2013,23400.00
Zásobování vodou; činnosti související s odpady a sanacemi,2014,24044.63
Zásobování vodou; činnosti související s odpady a sanacemi,2015,24563.75
Zásobování vodou; činnosti související s odpady a sanacemi,2016,25195.50
Zásobování vodou; činnosti související s odpady a sanacemi,2017,26753.00
Zásobování vodou; činnosti související s odpady a sanacemi,2018,28498.13
Zdravotní a sociální péče,2006,18507.50
Zdravotní a sociální péče,2007,19609.63
Zdravotní a sociální péče,2008,20604.88
Zdravotní a sociální péče,2009,22322.75
Zdravotní a sociální péče,2010,22938.50
Zdravotní a sociální péče,2011,23927.25
Zdravotní a sociální péče,2012,24348.88
Zdravotní a sociální péče,2013,24391.38
Zdravotní a sociální péče,2014,25011.13
Zdravotní a sociální péče,2015,26157.50
Zdravotní a sociální péče,2016,27429.38
Zdravotní a sociální péče,2017,29920.00
Zdravotní a sociální péče,2018,32746.38
"Zemědělství, lesnictví, rybářství",2006,14619.38
"Zemědělství, lesnictví, rybářství",2007,15974.38
"Zemědělství, lesnictví, rybářství",2008,17528.13
"Zemědělství, lesnictví, rybářství",2009,17418.75
"Zemědělství, lesnictví, rybářství",2010,18233.88
"Zemědělství, lesnictví, rybářství",2011,18829.88
"Zemědělství, lesnictví, rybářství",2012,19683.38
"Zemědělství, lesnictví, rybářství",2013,20363.13
"Zemědělství, lesnictví, rybářství",2014,21125.25
"Zemědělství, lesnictví, rybářství",2015,21437.88
"Zemědělství, lesnictví, rybářství",2016,22430.13
"Zemědělství, lesnictví, rybářství",2017,23667.38
"Zemědělství, lesnictví, rybářství",2018,25291.00
Zpracovatelský průmysl,2006,18379.25
Zpracovatelský průmysl,2007,19737.88
Zpracovatelský průmysl,2008,21349.38
Zpracovatelský průmysl,2009,21911.75
Zpracovatelský průmysl,2010,22825.75
Zpracovatelský průmysl,2011,23638.50
Zpracovatelský průmysl,2012,24346.38
Zpracovatelský průmysl,2013,24677.25
Zpracovatelský průmysl,2014,25504.88
Zpracovatelský průmysl,2015,26289.00
Zpracovatelský průmysl,2016,27454.25
Zpracovatelský průmysl,2017,29448.75
Zpracovatelský průmysl,2018,31767.88
